62269cac6667c8be97bee8d2	rt @jaynfts giveawaythe aztec army amp partnered #giveaway celebrate presale launch prize 1 x nft 1lik
62269cac6667c8be97bee8d3	rt @traderoctopus honor @senshinft first auction tomorrow @magicedennft giving away #nft currently valued a
62269cac6667c8be97bee8d4	rt @buivanvietpro first 99 userdrop polygonmatic address mint free nft   follow @buivanvietpro miss nft
62269cad6667c8be97bee8d5	rt @sherlonft drop eth wallet address angry bulls #2059 rt  amp like  pin 12 hours #nfts #giveaway #nftcommunity #nftdrop
62269cad6667c8be97bee8d6	rt @cryptonftcoin #freenft #giveaway #starwars #bobafett #mandalorian #cadbane #rt  #follow  #nftdrop #eth wallet httpstco
62269cad6667c8be97bee8d7	rt @kbrlnft im super excited #nft community growing familydrop #eth address@kbrlnftrttag 3#giveawa
62269cad6667c8be97bee8d8	rt @cryptonftcoin #freenft #giveaway #starwars #bobafett #mandalorian #cadbane #rt  #follow  #nftdrop #eth wallet httpstco
62269cad6667c8be97bee8d9	rt @centernft  flash 035 sol giveaway 1 follow @centernft 2 rt amp 3 tag friend show proof comment turn on
62269cad6667c8be97bee8da	rt @thedollasnft dolla artwork reveal  we giveaway 1 randomly generated #dolla nft postto enterretweet  likefol
62269cad6667c8be97bee8db	rt @cryptonftcoin #freenft #giveaway #starwars #bobafett #mandalorian #cadbane #rt  #follow  #nftdrop #eth wallet httpstco
62269cad6667c8be97bee8dc	rt @sherlonft drop eth wallet address angry bulls #2059 rt  amp like  pin 12 hours #nfts #giveaway #nftcommunity #nftdrop
62269cad6667c8be97bee8dd	rt @wavepunksnft  #giveaway prize  1 x #nft 5 sol  70must 1 follow amp @armyaztec2 like amp rt3 tag 3 friends
62269cad6667c8be97bee8de	rt @wavepunksnft  #giveaway prize  1 x #nft 5 sol  70must 1 follow amp @armyaztec2 like amp rt3 tag 3 friends
62269cad6667c8be97bee8df	rt @kingofearthnft everything reborn early free nft giveawayfree #nft giveaway just rt amp mention  httpstc
62269cad6667c8be97bee8e0	rt @wavepunksnft  #giveaway prizes  1 x #nft  003 eth  100 5 x wlmust 1 follow amp @alphaskullz2  amp rt3 t
62269cad6667c8be97bee8e1	rt @whizznft welcome @projecttpanther we want change someones lifewe #giveaway 3 #eth 9000rules1follow @whizznf
62269cad6667c8be97bee8e2	rt @nftmines special whitelist giveaway ive partnered @shizukanft  giveaway 5 wl spotsto enter follow  @nftmines amp
62269cad6667c8be97bee8e3	rt @cryptonftcoin #freenft #giveaway #starwars #bobafett #mandalorian #cadbane #rt  #follow  #nftdrop #eth wallet httpstco
62269cae6667c8be97bee8e4	rt @trustdice 50 giveaway  winner drawn 30 hours #casino #giveaway #freemoney #nodepositbonus #btc #usdt #crypto #eth #slots
62269cae6667c8be97bee8e5	rt @wavepunksnft  #giveaway prize  1 x #nft 5 sol  70must 1 follow amp @armyaztec2 like amp rt3 tag 3 friends
62269cae6667c8be97bee8e6	rt @gatesofeth gates ethernity #airdropwe happy announce 20000 usd worth goe tokens distributed among ou
62269cae6667c8be97bee8e7	rt @turkishpromoter #ekili#giveaway1 kiiye 50  6751follow @alphawolvesnft2join dc httpstco7wazpnwnus3like rtweet
62269cae6667c8be97bee8e8	rt @comingnft  #nftgiveaway giveaway shocking hamster club #nftworth 100   #polygon #eth #ethereum#giveaway #solana #airdrop
62269cae6667c8be97bee8e9	rt @safineth never held #nft before follow amp drop #eth addressim gonna airdrop nft lucky winner #nft
62269cae6667c8be97bee8ea	rt @mutantapessc  10 sol 1200 giveaway 5 winners 2 sol each ends 72hto enter1 follow @mutantapessc2 like amp rt3 tag 3
62269cae6667c8be97bee8eb	rt @sherlonft drop eth wallet address angry bulls #2059 rt  amp like  pin 12 hours #nfts #giveaway #nftcommunity #nftdrop
62269cae6667c8be97bee8ec	rt @cryptonftcoin #freenft #giveaway #starwars #bobafett #mandalorian #cadbane #rt  #follow  #drop #eth wallet httpstco2q7e
62269cae6667c8be97bee8ed	httpstcoty13sjsgie  else need say #btc #bitcoin #eth #avax #ethereum #crypto #cryptocurrency httpstco9wostygbe5
62269cae6667c8be97bee8ee	rt @wavepunksnft  #giveaway prize  1 x #nft 5 sol  70must 1 follow amp @armyaztec2 like amp rt3 tag 3 friends
62269cae6667c8be97bee8ef	rt @wavepunksnft  #giveaway prizes  1 x #nft 4 sol  70must1 follow amp @felinefrens2 like amp rt3 tag friends
62269cae6667c8be97bee8f0	rt @tikituka  #giveaway prize  1 x ape mafia club #nftmust 1 follow amp @apemafiaclub2 like amp rt3 tag 3 friends ht
62269caf6667c8be97bee8f1	rt @wavepunksnft  #giveaway prizes  1 x #nft 4 sol  70must1 follow amp @felinefrens2 like amp rt3 tag friends
62269caf6667c8be97bee8f2	rt @wavepunksnft  #giveaway  prizes   1 x #nft  1 x wl spot rules 1 follow amp @metafarmersnft2  amp rt3 tag
62269caf6667c8be97bee8f3	rt @tikituka  #giveaway prize  1 x ape mafia club #nftmust 1 follow amp @apemafiaclub2 like amp rt3 tag 3 friends ht
62269caf6667c8be97bee8f4	rt @nidaeth #giveaway fastfor 75 min hurry up1x random #nft 18drop wallet address rt  rt pin follow #et
62269caf6667c8be97bee8f5	rt @wavepunksnft  #giveaway prize  1 x #nft 5 sol  70 20 x wlmust 1 follow amp @perkypiglets2 like amp rt3 tag
62269caf6667c8be97bee8f6	rt @wavepunksnft  #giveaway prize  1 x #nft 5 sol  70must 1 follow amp @armyaztec2 like amp rt3 tag 3 friends
62269caf6667c8be97bee8f7	rt @wavepunksnft  #giveaway prizes  1 x #nft  003 eth  100 5 x wlmust 1 follow amp @alphaskullz2  amp rt3 t
62269caf6667c8be97bee8f8	rt @tronminingg94 sign withdraw 430  referral code entered prize wonreference code  q74ezs
62269caf6667c8be97bee8f9	rt @cryptonftcoin #freenft #giveaway #starwars #bobafett #mandalorian #cadbane #rt  #follow  #nftdrop #eth wallet httpstco
62269caf6667c8be97bee8fa	rt @centernft  flash 035 sol giveaway 1 follow @centernft 2 rt amp 3 tag friend show proof comment turn on
62269caf6667c8be97bee8fb	rt @nftmines special whitelist giveaway ive partnered @shizukanft  giveaway 5 wl spotsto enter follow  @nftmines amp
62269caf6667c8be97bee8fc	rt @nftmines special whitelist giveaway ive partnered @shizukanft  giveaway 5 wl spotsto enter follow  @nftmines amp
62269caf6667c8be97bee8fd	rt @nftmetapirate 3000 followers target #giveaway 1#  025 eth 5202#  2 sol 2403#  1 sol 1204#  05 sol 60target 3
62269caf6667c8be97bee8fe	rt @tonyavax crypto giveaway05 #avaxfor one guys to participatelike  rt tweet follow @tonyavaxtag 3 frie
62269caf6667c8be97bee8ff	rt @wavepunksnft  #giveaway prize  1 x #nft  05 sol  70must 1 follow amp @armyaztec2  amp rt3 tag friends 
62269caf6667c8be97bee900	rt @cryptonftcoin #freenft #giveaway #starwars #bobafett #mandalorian #cadbane #rt  #follow  #nftdrop #eth wallet httpstco
62269cb06667c8be97bee901	rt @gatesofeth gates ethernity #airdropwe happy announce 20000 usd worth goe tokens distributed among ou
62269cb06667c8be97bee902	rt @centernft  #nftgiveaway 1x mech animals #nft i 06 #eth worth 190 now1follow @mechanimalswars amp @centernft 2
62269cb06667c8be97bee903	rt @dailyavax 2 #avax #giveawayfollow @dailyavax rt amp tag 3 friendswinners announced 72 hours later good luck#
62269cb06667c8be97bee904	rt @grmcoin 1000 grm airdrop #71retweet amp follow2tag friends amp #airdrop3comment bsc addressgreen money grm listed on
62269cb06667c8be97bee905	rt @phemexofficial spread love  phemex celebrate lovely valentines day  collect 1 btc trial funds keep ear
62269cb06667c8be97bee906	rt @cryptookingg 100 busd #giveawayfollow uslike rt tag friends#avalanche #crypto #cryptocurrencies #nfts  #nft
62269cb06667c8be97bee907	rt @phemexofficial spread love  phemex celebrate lovely valentines day  collect 1 btc trial funds keep ear
62269cb06667c8be97bee908	rt @tigerpro101 next giveaway make sure follow wonderful people @brillef @andrydmara1 @poerkipik1 @xealot123#nf
62269cb06667c8be97bee909	rt @dailyavax 2 #avax #giveawayfollow @dailyavax rt amp tag 3 friendswinners announced 72 hours later good luck#
62269cb06667c8be97bee90a	rt @phemexofficial spread love  phemex celebrate lovely valentines day  collect 1 btc trial funds keep ear
62269cb06667c8be97bee90b	rt @xposed @colbycovmma wins tonight ill giving 10 people retweet following @xposed 250 #mma #ufc #ufc272
62269cb06667c8be97bee90c	rt @phemexofficial spread love  phemex celebrate lovely valentines day  collect 1 btc trial funds keep ear
62269cb06667c8be97bee90d	rt @dailyavax 2 #avax #giveawayfollow @dailyavax rt amp tag 3 friendswinners announced 72 hours later good luck#
62269cb06667c8be97bee90e	rt @phemexofficial spread love  phemex celebrate lovely valentines day  collect 1 btc trial funds keep ear
62269cb06667c8be97bee90f	rt @tigerpro101 #giveaway prize 5 post retweets rules 1 rt amp2 follow @tigerpro101 @halovshorn 3 tag 3 friendsfunni
62269cb16667c8be97bee910	rt @phemexofficial spread love  phemex celebrate lovely valentines day  collect 1 btc trial funds keep ear
62269cb16667c8be97bee911	rt @phemexofficial spread love  phemex celebrate lovely valentines day  collect 1 btc trial funds keep ear
62269cb16667c8be97bee912	rt @dailyavax 2 #avax #giveawayfollow @dailyavax rt amp tag 3 friendswinners announced 72 hours later good luck#
62269cb16667c8be97bee913	rt @cryptookingg 2 #avax #giveawayfollow uslike rt tag 3 friends#avalanche #crypto #cryptocurrencies #nfts  #nft #giveaway
62269cb16667c8be97bee914	rt @phemexofficial spread love  phemex celebrate lovely valentines day  collect 1 btc trial funds keep ear
62269cb16667c8be97bee915	rt @phemexofficial spread love  phemex celebrate lovely valentines day  collect 1 btc trial funds keep ear
62269cb16667c8be97bee916	rt @phemexofficial spread love  phemex celebrate lovely valentines day  collect 1 btc trial funds keep ear
62269cb16667c8be97bee917	rt @trustdice 50 giveaway  winner drawn 30 hours #casino #giveaway #freemoney #nodepositbonus #btc #usdt #crypto #eth #slots
62269cb16667c8be97bee918	rt @phemexofficial spread love  phemex celebrate lovely valentines day  collect 1 btc trial funds keep ear
62269cb16667c8be97bee919	rt @phemexofficial spread love  phemex celebrate lovely valentines day  collect 1 btc trial funds keep ear
62269cb16667c8be97bee91a	rt @phemexofficial spread love  phemex celebrate lovely valentines day  collect 1 btc trial funds keep ear
62269cb16667c8be97bee91b	rt @luizgustavojun1  100000 shib tokens #giveaway 1 follow me2 retweet amp like post 400 winners  250 shib each#btc
62269cb16667c8be97bee91c	rt @phemexofficial spread love  phemex celebrate lovely valentines day  collect 1 btc trial funds keep ear
62269cb16667c8be97bee91d	@altcoinworldcom #everrise #letusin #everrisev3 best dev best team best community best usecases available 5 httpstconbvtiuxbd0
62269cb16667c8be97bee91e	rt @phemexofficial spread love  phemex celebrate lovely valentines day  collect 1 btc trial funds keep ear
62269cb26667c8be97bee91f	rt @phemexofficial spread love  phemex celebrate lovely valentines day  collect 1 btc trial funds keep ear
62269cb26667c8be97bee920	rt @phemexofficial spread love  phemex celebrate lovely valentines day  collect 1 btc trial funds keep ear
62269cb26667c8be97bee921	rt @nftgemcalls @forbes @lustcoins family grow 6 users @lbankexchange beginning #airdrop #promotion #giv
62269cb26667c8be97bee922	rt @dailyavax 2 #avax #giveawayfollow @dailyavax rt amp tag 3 friendswinners announced 72 hours later good luck#
62269cb26667c8be97bee923	rt @phemexofficial spread love  phemex celebrate lovely valentines day  collect 1 btc trial funds keep ear
62269cb26667c8be97bee924	rt @phemexofficial spread love  phemex celebrate lovely valentines day  collect 1 btc trial funds keep ear
62269cb26667c8be97bee925	rt @alienpkk #airdrop #giveaway #btc join giveaway @hashtaggerhq participate #giveawayrules follow @hashtaggerhq amp join link b
62269cb26667c8be97bee926	rt @phemexofficial spread love  phemex celebrate lovely valentines day  collect 1 btc trial funds keep ear
62269cb26667c8be97bee927	rt @westkzz nft win   try win one nft to enter  follow @westkzz  rt like tag 2 friends48h to enter 
62269cb26667c8be97bee928	rt @yunkoassoc 3 meta axies giveaway one lucky winnerto enter giveaway  follow @yunkoassoc amp @yunko1803  tag 3 of
62269cb26667c8be97bee929	rt @cryptotowneu  airdrop avastation value 250 avs top 1000 referral 250 avs top 50 referral 20 busd end date 25th march
62269cb26667c8be97bee92a	rt @remint49262812 remint giveaway finally here main 10000 dollar giveaway go 2022 top will
62269cb26667c8be97bee92b	rt @thenftcircle excited giving away 5 whitelist spots @fishmanslabsto eligible mustlike amp retweettag 3 fri
62269cb26667c8be97bee92c	rt @cryptotowneu  airdrop next war value 100 tng referral 1000 tng end date 17th february 2022 distribution date afte
62269cb26667c8be97bee92d	trading binance yet time sign belowhttpstcooeeqdd3vmh#binance #giveaway httpstcosp2db6rmj4
62269cb36667c8be97bee92e	rt @cryptotowneu  airdrop singsing value 10 sing referral 15 sing news vtv vietnamnet vtc1 hd partnership tomochain b
62269cb36667c8be97bee92f	rt @cryptotowneu  airdrop avastation value 250 avs top 1000 referral 250 avs top 50 referral 20 busd end date 25th march
62269cb36667c8be97bee930	rt @nftmines special whitelist giveaway ive partnered @louznft  giveaway 5 wl spotsto enter follow  @nftmines amp @lo
62269cb36667c8be97bee931	rt @iqbalhossains20 @cryptotowneu fantastic project great potential hope future project develop @re
62269cb36667c8be97bee932	rt @phemexofficial   were hosting another grab coin  this time newly listed usdc   new users join claim shar
62269cb36667c8be97bee933	rt @ricardoarmijog  het miss thisthe winner @furbitsnfti #shill 1 project free rt amp follow @ricardoarmijog @furb
62269cb36667c8be97bee934	project promising project developing project modern technologies good team fast development d httpstcoohwvfneeoi
62269cb36667c8be97bee935	rt @cryptotowneu  airdrop avastation value 250 avs top 1000 referral 250 avs top 50 referral 20 busd end date 25th march
62269cb36667c8be97bee936	rt @reachrabbit celebrate official launch giving 3 lucky people eth  enter follow @reachr
62269cb36667c8be97bee937	rt @thenftcircle excited giving away 3 whitelist spots @housegamenftto eligible mustlike amp retweettag 3 fri
62269cb36667c8be97bee938	rt @cryptotowneu hump day challenge win share 120000 rewards 300 #binance vday nfts limited edition gift card l
62269cb36667c8be97bee939	rt @coinbettercom #coinbetter newuser giveaway1follow @coinbettercom2rtamplikeamptag 3 frds3sign up httpstcosp6y2ffzzi4fill t
62269cb36667c8be97bee93a	@jurassictoken wonderful projectthis project good projector lot attractions hopefull httpstco4af6cjnonr
62269cb36667c8be97bee93b	rt @thenftcircle excited giving away 5 whitelist spots @catbloxstudiosto eligible mustlike amp retweetfollow
62269cb46667c8be97bee93c	rt @cryptotowneu  airdrop orcs token  nft value 150000 orcs  10 orcs nft referral 5 entry end date 12th march 2022go t
62269cb46667c8be97bee93d	rt @cryptotowneu deposit blastoff extended  get 3000 bonuses sign httpstcomkgvcbxy8c infohttps
62269cb46667c8be97bee93e	rt @nftmines special whitelist giveaway ive partnered @shizukanft  giveaway 5 wl spotsto enter follow  @nftmines amp
62269cb46667c8be97bee93f	rt @thenftcircle excited giving away 5 whitelist spots @fishmanslabsto eligible mustlike amp retweettag 3 fri
62269cb46667c8be97bee940	rt @meditoken 24hr highest buy contest starting now ends saturday march 5th @ 12 noon est winner receive medi heroes v1 nf
62269cb46667c8be97bee941	rt @cryptotowneu  airdrop next war value 100 tng referral 1000 tng end date 17th february 2022 distribution date afte
62269cb46667c8be97bee942	rt @phemexofficial   were hosting another grab coin  this time newly listed usdc   new users join claim shar
62269cb46667c8be97bee943	rt @cryptoassasin0 hey miss thisthe winner @nftpocketdragoni #shill 1 project free rt amp follow @nftpocketdragon
62269cb46667c8be97bee944	rt @cryptonomad2  time another #giveaway  8000 slp lucky winner to participate1 follow @cryptonomad22 like
62269cb46667c8be97bee945	rt @kanepromotes  nft #giveaway moneykongs prizes x1 nft  005 eth 10x wlto enter1 follow @moneykongs2 like rt amp tag
62269cb46667c8be97bee946	rt @phemexofficial   were hosting another grab coin  this time newly listed usdc   new users join claim shar
62269cb46667c8be97bee947	rt @thenftcircle excited giving away 5 whitelist spots @catbloxstudiosto eligible mustlike amp retweetfollow
62269cb46667c8be97bee948	rt @thenftcircle excited giving away 3 whitelist spots @housegamenftto eligible mustlike amp retweettag 3 fri
62269cb46667c8be97bee949	@apolloxcom @decan1877 success amazing project thanks giving us opportunity wish project httpstcoj8ybrbhyqo
62269cb46667c8be97bee94a	rt @giveawaybanana banana giveaway #149prize 10x banana 1 follow @giveawaybanana 2 like retweet3 comment #apestogetherstr
62269cb56667c8be97bee94b	giveaway sponsored project promoting it#btc #doge #cro #xrp #shib httpstcojvim8siohv
62269cb56667c8be97bee94c	rt @cryptotowneu  airdrop avastation value 250 avs top 1000 referral 250 avs top 50 referral 20 busd end date 25th march
62269cb56667c8be97bee94d	rt @cryptotowneu  airdrop cryptocrewz value 1 free nft referral 2500 nft news influencive beacon crypto marketwatch mar
62269cb56667c8be97bee94e	rt @phemexofficial   were hosting another grab coin  this time newly listed usdc   new users join claim shar
62269cb56667c8be97bee94f	rt @cryptotowneu  airdrop next war value 100 tng referral 1000 tng end date 17th february 2022 distribution date afte
62269cb56667c8be97bee950	rt @axieacademyuk  10000 slp  huge #giveaway to participate1 follow us @axieacademyuk2 like amp rt 3 tag 3 friends 
62269cb56667c8be97bee951	@hellomag x emergency help @billieeilish need 70 im missingpaypal hollandfrance33@hotmailcombitcoin httpstcoyfiup0m8bg
62269cb56667c8be97bee952	rt @nftmines special whitelist giveaway ive partnered @louznft  giveaway 5 wl spotsto enter follow  @nftmines amp @lo
62269cb56667c8be97bee953	rt @thenftcircle excited giving away 3 whitelist spots @housegamenftto eligible mustlike amp retweettag 3 fri
62269cb56667c8be97bee954	rt @cryptotowneu  airdrop avastation value 250 avs top 1000 referral 250 avs top 50 referral 20 busd end date 25th march
62269cb56667c8be97bee955	rt @thenftcircle excited giving away 5 whitelist spots @fishmanslabsto eligible mustlike amp retweettag 3 fri
62269cb56667c8be97bee956	rt @solananftpromos #giveaway timeprizes1x @solapefinance #nft 2x 1 solto qualify 1 follow @solananftpromos 2  rt
62269cb56667c8be97bee957	@cryptotowneu project good whitepaper also clear hope project successful a httpstcov2q0u2sbhj
62269cb56667c8be97bee958	rt @ricardoarmijog  het miss thisthe winner @morpheuslabsioi #shill 1 project free rt amp follow @ricardoarmijog @
62269cb66667c8be97bee959	rt @phemexofficial   were hosting another grab coin  this time newly listed usdc   new users join claim shar
62269cb66667c8be97bee95a	rt @cryptotowneu  airdrop next war value 100 tng referral 1000 tng end date 17th february 2022 distribution date afte
62269cb66667c8be97bee95b	rt @asgardianbulls  #asgardianbulls weve seen amazing growth community week alone want celebrate b
62269cb66667c8be97bee95c	rt @cryptotowneu  airdrop avastation value 250 avs top 1000 referral 250 avs top 50 referral 20 busd end date 25th march
62269cb66667c8be97bee95d	rt @richquack 300 busd #giveaway  48h1001 follow notif on like rt 1002 ss discussion #richquack quack artic
62269cb66667c8be97bee95e	rt @solananftpromos #giveaway timeprizes1x @solapefinance #nft 2x 1 solto qualify 1 follow @solananftpromos 2  rt
62269cb66667c8be97bee95f	rt @phemexofficial   were hosting another grab coin  this time newly listed usdc   new users join claim shar
62269cb66667c8be97bee960	rt @thenftcircle excited giving away 3 whitelist spots @housegamenftto eligible mustlike amp retweettag 3 fri
62269cb66667c8be97bee961	rt @sinanenergy congratulations #set week 4 challenge winners winner winners announced next week stay tuned whiteli
62269cb66667c8be97bee962	rt @phemexofficial   were hosting another grab coin  this time newly listed usdc   new users join claim shar
62269cb66667c8be97bee963	rt @cryptoassasin0 hey miss thisthe winner @nftpocketdragoni #shill 1 project free rt amp follow @nftpocketdragon
62269cb66667c8be97bee964	rt @cryptotowneu  airdrop avastation value 250 avs top 1000 referral 250 avs top 50 referral 20 busd end date 25th march
62269cb66667c8be97bee965	rt @thenftcircle excited giving away 5 whitelist spots @catbloxstudiosto eligible mustlike amp retweetfollow
62269cb66667c8be97bee966	rt @yunkoassoc 3 meta axies giveaway one lucky winnerto enter giveaway  follow @yunkoassoc amp @yunko1803  tag 3 of
62269cb76667c8be97bee967	rt @dailyavax 3 #avax #avalanche #giveaway follow usrt amp tag 3 friends24 hours good luck#cryptocurrency #crypto #btc #
62269cb76667c8be97bee968	rt @ricardoarmijog  het miss thisthe winner @furbitsnfti #shill 1 project free rt amp follow @ricardoarmijog @furb
62269cb76667c8be97bee969	rt @cryptotowneu  airdrop avastation value 250 avs top 1000 referral 250 avs top 50 referral 20 busd end date 25th march
62269cb76667c8be97bee96a	rt @axieacademyuk  10000 slp  huge #giveaway to participate1 follow us @axieacademyuk2 like amp rt 3 tag 3 friends 
62269cb76667c8be97bee96b	rt @phemexofficial   were hosting another grab coin  this time newly listed usdc   new users join claim shar
62269cb76667c8be97bee96c	rt @rexworld6 topshot moment giveaway run 30 minmust following @rexworld6  must retweet winner gets mason jones se
62269cb76667c8be97bee96d	rt @cryptoflashnft 3 eth  5 winnersto enter 1 follow @cryptoflashnft 2 like  retweet ends 24 hours#giveaway #crypto #
62269cb76667c8be97bee96e	rt @cryptotowneu  airdrop avastation value 250 avs top 1000 referral 250 avs top 50 referral 20 busd end date 25th march
62269cb76667c8be97bee96f	rt @isparkyskull crossed 5000 follower twitter within less one month  gift starting giveaway wh
62269cb76667c8be97bee970	rt @dailyavax 2 #avax #giveawayfollow @dailyavax rt amp tag 3 friendswinners announced 72 hours later good luck#
62269cb76667c8be97bee971	rt @luizgustavojun1  100000 shib tokens #giveaway 1 follow me2 retweet amp like post 400 winners  250 shib each#btc
62269cb76667c8be97bee972	rt @cryptotowneu  airdrop next war value 100 tng referral 1000 tng end date 17th february 2022 distribution date afte
62269cb76667c8be97bee973	@bellcrypto real thank much #nft #nftcommunity #nftgiveaway #nftartist#nftproject httpstcoaqvs4j8yzb
62269cb76667c8be97bee974	rt @kanepromotes  nft #giveaway moneykongs prizes x1 nft  005 eth 10x wlto enter1 follow @moneykongs2 like rt amp tag
62269cb76667c8be97bee975	rt @slimscasino week gonna hot  #loadedlions @thecrobots @cronogods #crofam #cro #nft #nftgiveaway #nftcommunitiy #crypto #r
62269cb86667c8be97bee976	rt @nftmines special whitelist giveaway ive partnered @shizukanft  giveaway 5 wl spotsto enter follow  @nftmines amp
62269cb86667c8be97bee977	rt @solananftpromos #giveaway timeprizes1x @solapefinance #nft 2x 1 solto qualify 1 follow @solananftpromos 2  rt
62269cb86667c8be97bee978	rt @luizgustavojun1  100000 shib tokens #giveaway 1 follow me2 retweet amp like post 400 winners  250 shib each#btc
62269cb86667c8be97bee979	rt @nftcrazycats giveaway1x free nft 1x 05 sol to enter 1 follow @nftcrazycats 2 like amp rt3 tag 3 frie
62269cb86667c8be97bee97a	rt @nftmines special whitelist giveaway ive partnered @shizukanft  giveaway 5 wl spotsto enter follow  @nftmines amp
62269cb86667c8be97bee97b	rt @dailyavax 3 #avax #avalanche #giveaway follow usrt amp tag 3 friends24 hours good luck#cryptocurrency #crypto #btc #
62269cb86667c8be97bee97c	rt @officialikonic ikonic giveaway yearget chance win2 playstation 52 xbox series xstarts on february 15
62269cb86667c8be97bee97d	rt @cryptotowneu  airdrop avastation value 250 avs top 1000 referral 250 avs top 50 referral 20 busd end date 25th march
62269cb86667c8be97bee97e	rt @cryptotowneu  airdrop avastation value 250 avs top 1000 referral 250 avs top 50 referral 20 busd end date 25th march
62269cb86667c8be97bee97f	rt @projecteuropa  orbiterswe would like cohost giveaway new friends @strongspartanft    1 gold spartan nft 
62269cb86667c8be97bee980	rt @punchclubnft  launch #giveaway  1 eth 5 nfts  100 wl spots to win  follow us like rt tag 3 friends  join our
62269cb86667c8be97bee981	rt @beckettbtnft free #nft  giveawayto win1follow @beckettbtnft2like amp retweet3 drop #eth wallet address#nftcommun
62269cb86667c8be97bee982	rt @hoodiegangnft #nftgiveaway #nftcommunity #nft #nfts follow rules enter1 follow @thetoastypoet @hoodiegangnft
62269cb86667c8be97bee983	rt @doncrypto free mint giveawaygiving away 3 whitelist spots 24 hours @smolizards people wholike amp retweet tweet
62269cb96667c8be97bee984	rt @nftengineer #giveaway prizes 1x rare #nft  40005 sol  50rules 1 rt amp2 follow amp @doodles3d3 tag 3 frie
62269cb96667c8be97bee985	rt @enemyeth 7000 #eth  7 lucky winnersto win1 follow2 like amp retweet3 drop wallet addresswinner picked 48 hour
62269cb96667c8be97bee986	rt @solgiveaways giveawayprizes55 5 sol1x car club nft1follow @nftcarclub amp @solgiveaways2rt amp like3tag 3 friends
62269cb96667c8be97bee987	rt @abandons75 #giveaway prize 1x #nft 10x wlrules1 follow @spacekidsnft2 rt amp like3 join discord  httpstcobtwf
62269cb96667c8be97bee988	rt @metararity  #giveaway @unikongnft partnered us give away 5 unikong wl spotsmeet spacetraveling gorilla spac
62269cb96667c8be97bee989	rt @furyeth working @kaijufrenz team giveaway whitelistsfirst 1000 interact considered#nftgiveaway
62269cb96667c8be97bee98a	rt @punchclubnft  launch #giveaway  1 eth 5 nfts  100 wl spots to win  follow us like rt tag 3 friends  join our
62269cb96667c8be97bee98b	rt @favewyd #giveaway giving away 500  @pxelfriends 10 wl spots to enterfollow @pxelfriends rt amptag 3 friends winner
62269cb96667c8be97bee98c	rt @favewyd #giveawayi teamed @snootyravens give away one amazing nfts guys to enterfollow @sno
62269cb96667c8be97bee98d	rt @sevenseasnft get total 14000  100 usdt 1 winner 6950 50 og gt free mint 6950 100 degen gt whitelisttaskrtampfo
62269cb96667c8be97bee98e	rt @streethers details dont lie tag squad comments  one squad win full set whitelists#nftcollection #n
62269cb96667c8be97bee98f	rt @metararity  #giveaway weve partnered @kaijukongz give 10 kaiju kongz wl spots 3333 collectionto enter
62269cb96667c8be97bee990	rt @thefingernft ok weve selected perfect game call flipping birdsscreenshot reply best score
62269cb96667c8be97bee991	rt @punchclubnft  launch #giveaway  1 eth 5 nfts  100 wl spots to win  follow us like rt tag 3 friends  join our
62269cb96667c8be97bee992	rt @metabotsp2e huge #giveaway announcementgiveaway contains#katvr treadmill seen ready player one#oculus #vr quest 2#ether
62269cba6667c8be97bee993	rt @anbronft  #giveaway prize 1x #nft 10x wlrules1 follow @spacekidsnft2 rt amp like3 join discord  httpstco2cbt1
62269cba6667c8be97bee994	rt @cameronsmitheth big giveawayi giving away 1 @pizzadotgame chef 1 @fantomfrogs nft 1 @nodebearsnft 1 @
62269cba6667c8be97bee995	rt @dummymummynft free #nft celebration drop #btc address follow  rt#nftcommunity #nftgiveaway #nftgiveaways   #airdrop #nftc
62269cba6667c8be97bee996	let introduce superb project great platform   began concept rewarding#rgc #ringcold httpstcovx0qqawa7z
62269cba6667c8be97bee997	rt @theopenalpha openalpha x @shozukinft we partnered @shozukinft give away 5 wl spots project to enter
62269cba6667c8be97bee998	rt @hollow18  #nftgiveaway me @meteliteclub giving away1x nft 7x wl spots enter1 follow @meteliteclub 2 like
62269cba6667c8be97bee999	rt @punchclubnft  launch #giveaway  1 eth 5 nfts  100 wl spots to win  follow us like rt tag 3 friends  join our
62269cba6667c8be97bee99a	rt @memenftofficial join us tonight massive #nft #giveaway raise money #ukraine @unchainfund  come hang us and
62269cba6667c8be97bee99b	rt @richkoala1 11 starry night please leave eth address below team randomly giveaway wl spots comment rt
62269cba6667c8be97bee99c	rt @metabotsp2e huge #giveaway announcementgiveaway contains#katvr treadmill seen ready player one#oculus #vr quest 2#ether
62269cba6667c8be97bee99d	rt @electroextant sol giveawayprizes1 sol 10must1follow @electroextant amp @notigangnft 2rt  like3tag 3 friends 24 h
62269cba6667c8be97bee99e	rt @centernft  fast sol giveaway 1  sol  1 lucky winner1follow @centernft amp 2join pinned giveawayfriends f
62269cba6667c8be97bee99f	rt @thenftcircle excited giving away 5 whitelist spots @catbloxstudiosto eligible mustlike amp retweetfollow
62269cba6667c8be97bee9a0	rt @forzanft  #giveaway  1 sol 1 rtamp   open2 tag #nft friends 1h#solana #nftgiveaway #nfts#airdrop #opensea #sol
62269cbb6667c8be97bee9a1	rt @nftvince6 drop #eth wallet  dont ask whyrt like follow #nft #nfts #nftgiveaway #nftart httpstco0ngtfref6x
62269cbb6667c8be97bee9a2	rt @saucywtf  #nftgiveaway 1 @badapebitchclub nfthow enter 1 like amp rt2 follow @badapebitchclub 3 tag 3 friendsjoin d
62269cbb6667c8be97bee9a3	rt @cosmoskidznft @cosmoskidznft x @hakinfthakinft partnered us #giveaway 5 whitelist spots to participate rt li
62269cbb6667c8be97bee9a4	rt @cryptoavaxx  #nftgiveaway 1 nft heartbroken girls #nfts5 wl spots to enter1 follow us amp @heartbrokennfts2  amp
62269cbb6667c8be97bee9a5	rt @albolau big brain kids wl giveaway3 whitelists given away courtesy teamhow enter1 rt  2 follow @albol
62269cbb6667c8be97bee9a6	rt @nftlemon #nftgiveaway x1 city light #nft  x5 wl spots rules 1 follow amp @cityoflightnft 2 amp rt3
62269cbb6667c8be97bee9a7	rt @cnftking post pic favorite cnft project explain sets apart resti giveaway 10 favorite cn
62269cbb6667c8be97bee9a8	rt @centernft  huge #nftgiveaway 1x cyberia #nft worth 9001follow @entercyberia amp @centernft 2 amp rt 3tag 3 fr
62269cbb6667c8be97bee9a9	rt @tikituka #giveaway prize 50  eth 5x wlrules1 follow @kungfukoalas amp @tikituka2 rt amp like3 tag friends24
62269cbb6667c8be97bee9aa	rt @tikituka #giveaway prize 1x #nft 100  #eth 10x wlrules1 follow @ikigaiofficial amp @tikituka2 rt amp like3 tag
62269cbb6667c8be97bee9ab	rt @miragemarket 100 rose giveawayto participatex follow @miragemarket  x like x retweetx tag 2 peoplewinner chos
62269cbb6667c8be97bee9ac	rt @classicsavages mint #classicsavages today remember 1000 created lots benefits come owning
62269cbb6667c8be97bee9ad	rt @rongguy hi fam 5x @sarutamanft #whitelist #giveawaysarutama collection 8888 unique nfts goal create fir
62269cbb6667c8be97bee9ae	rt @lancelotnft  nfteth #giveaway prizes eth  100 5x wl 2x ogmust1 follow @kungfukoalas amp @lancelotnft 2 rt amp
62269cbc6667c8be97bee9af	rt @multiversepad airdrop event phase 2 mtvp teamwere giving away 35000 mtvp communitycampaign 1 complete tasks ge
62269cbc6667c8be97bee9b0	rt @9nitric #nftgiveawayme @bobblebossmafia giving away3 free nftsto enter1follow @bobblebossmafia2like amp rt3t
62269cbc6667c8be97bee9b1	rt @frtuff #nftgiveaway weve partnered @mutantgoatsnft to give away 5 whitelist spotsto enter follow @mutantgoatsnft  rt
62269cbc6667c8be97bee9b2	@playnity replying @playnitywow gooood@purerism81 @baquaman1 @chanel1560 #nft #nfts #giveaway luna httpstcosrmpukf9ka
62269cbc6667c8be97bee9b3	rt @stormzeth  nft giveaway the bobble boss mafia coming #bsc minting available 03142022 bbm website https
62269cbc6667c8be97bee9b4	rt @nftnewton  nftethwl premium #giveaway we partnership prestigious @casinoclubnft prizes 2x nft worth 1400
62269cbc6667c8be97bee9b5	rt @metabotsp2e huge #giveaway announcementgiveaway contains#katvr treadmill seen ready player one#oculus #vr quest 2#ether
62269cbc6667c8be97bee9b6	rt @picsounft  #nftgiveaway  015 eth  50  1x jungle pop #nft  5x wlrules 1 follow @picsounft amp @junglepopnft2
62269cbc6667c8be97bee9b7	rt @mintoftheday  #nftgiveaway  minters keep eye @thugsteadz  launching @monkelabs win 1 #nft amp 10 wl spots 
62269cbc6667c8be97bee9b8	rt @cloudgemz 100  1400000 idr  24 hours 60  rt  follow @casinomg  bonus 40  join discord  verify proofhttpstc
62269cbc6667c8be97bee9b9	rt @thesolanaboss  giveaway  project  @bearsyndicateprizes 05 sol  701x nftx10 wl spots to enter 1follow @bearsyndic
62269cbc6667c8be97bee9ba	rt @metanftx collab giveaway 1 x rainbow boy nft 1 x happy high nft  follow  amp @happyhightop  like amp rt tag 2 fri
62269cbc6667c8be97bee9bb	rt @lostedennft lost limbo 3x lost list3x limbo1 follow @lostedennft2 like  rt3 tag friends#nfts #nftgiveaway https
62269cbc6667c8be97bee9bc	rt @mutantapessc  12 sol 1400 giveaway 6 winners 2 sol each ends 72hto enter1 follow @mutantapessc2 like amp rt3 tag 2
62269cbd6667c8be97bee9bd	rt @taroversecom taroverse  airdrop  event #airdrop information reward pool 200000 taro number winners  500 event du
62269cbd6667c8be97bee9be	rt @yakuzaincnft get yakuza lateland mint coming soontempura next1x yakuza inc #nftgiveaway1follow @yaku
62269cbd6667c8be97bee9bf	rt @punchclubnft  launch #giveaway  1 eth 5 nfts  100 wl spots to win  follow us like rt tag 3 friends  join our
62269cbd6667c8be97bee9c0	rt @thecrazyggs giveaway  i crypto gang mint today httpstcolrivrkellfin collab @iamcryptogang  mint tod
62269cbd6667c8be97bee9c1	rt @0xherrcooles  #giveaway  48 h prizes 5x whitelist  5x 10 solrules1 follow amp @goodfrensnft 2   rt3 tag
62269cbd6667c8be97bee9c2	rt @atnftart  #nftgiveaway world golem prizes5 sol 50 10x whitelistto enter1follow @worldofgolemnft amp @atnftweal
62269cbd6667c8be97bee9c3	rt @doggobrick  doggobrick #nftgiveaway we giving away 1 doggobrick nft to joinfollow @doggobrick like amp rt post
62269cbd6667c8be97bee9c4	rt @violetemojinft #nftgiveaway  1x #nft 05 sol  50rules 1 follow  @apeglitch 2 like amp rt3 tag friends24
62269cbd6667c8be97bee9c5	rt @cryptogeckonft  #giveaway  1x crypto geckos nft 25x wl spots rt amp follow @cryptogeckonft  join discord httpstcoli
62269cbd6667c8be97bee9c6	rt @wavepunksnft #giveawayprizes  2x #nft 3 sol  40 7x wlmust 1 follow amp @thenfms2 like amp rt3 tag 3 friends
62269cbd6667c8be97bee9c7	rt @bamboofrens were getting ready enter pandaverse were celebratewere raffling 100 pl pandalist spots our
62269cbd6667c8be97bee9c8	rt @aperetroclub mint live amp #nftgiveway    3x #nft aperetroclub mint from  httpstcogblweru5vh   publicsale price
62269cbd6667c8be97bee9c9	rt @notanumeri free #nftgiveaway8 nft1x @duckingducktub 1x @456goldcoins 1x @projectaika 1x @townoflosttoys 1x @junglepop
62269cbe6667c8be97bee9ca	rt @sibeleth x5 @pathfindersnft wl giveaway you wanted it got 1 follow amp @pathfindersnft2 retweet3 tag 2 friends
62269cbe6667c8be97bee9cb	rt @metabotsp2e huge #giveaway announcementgiveaway contains#katvr treadmill seen ready player one#oculus #vr quest 2#ether
62269cbe6667c8be97bee9cc	rt @imbuyingnfts giveawayrewards 1 sol must 1 follow @imbuyingnfts 2 like rt 3 rt pinned tweet will pick winner
62269cbe6667c8be97bee9cd	rt @metabotsp2e huge #giveaway announcementgiveaway contains#katvr treadmill seen ready player one#oculus #vr quest 2#ether
62269cbe6667c8be97bee9ce	rt @negstoy wen negslist retweet follow got you#nftdrop #nftgiveaway #nfts #nftartist httpstcotgyuelzudl
62269cbe6667c8be97bee9cf	rt @mystikusanft  #giveaway skulltoons kind enough give us 5 exclusive wl spots giveaway to enter like amp rt follow
62269cbe6667c8be97bee9d0	rt @atnftart  #nftgiveaway world golem prizes5 sol 50 10x whitelistto enter1follow @worldofgolemnft amp @atnftart
62269cbe6667c8be97bee9d1	rt @apeglitch  #nftgiveaway  teamed @bearcartelnft giveaway 5x #nfts amp 25x whitelist spots  to enter draw
62269cbe6667c8be97bee9d2	rt @wavepunksnft  eth #giveaway prizes 035 eth  100 3x wlmust1 follow amp @shinobibunnynft2 like amp rt3 tag 3 f
62269cbe6667c8be97bee9d3	rt @moonsienft  moonsie x apiens 3 x moonsie wl amp 3 x apiens wl spot1 follow @moonsienft amp @theapiens 2 like  rt3 tag 3
62269cbe6667c8be97bee9d4	rt @angrybearnft public mint  live 5 hours4444 angry bears coming soon #solana blockchain miss out mint only
62269cbe6667c8be97bee9d5	rt @nftkwi moonsie wl giveaway3 whitelists given away courtesy team  how enter1 rt  2 follow @moonsienft
62269cbe6667c8be97bee9d6	rt @nftguyy  nfteth #giveaway prizes 1x nft worth 700 02 eth  50 20x wlmust1 follow @casinoclubnft amp @nfth0r
62269cbe6667c8be97bee9d7	rt @nfthenny cardano skate clubnftgiveaway1 lucky winner get awesome cardano skate clubto win1follow @nfthenny amp @car
62269cbf6667c8be97bee9d8	rt @metararity  #giveaway weve partnered @kaijukongz give 10 kaiju kongz wl spots 3333 collectionto enter
62269cbf6667c8be97bee9d9	rt @nftsmogul celebrate @aosnft hitting 85 staked im 1x @aosnft  giveaway  how enter  like  retweet  follow @n
62269cbf6667c8be97bee9da	rt @manomorphs announced details upcoming mint celebrate were giving away another hilarious manomorph1 foll
62269cbf6667c8be97bee9db	rt @yachtclubnft #nftgiveawaythese 3d animals entered metaverse seeing still early5x wl to en
62269cbf6667c8be97bee9dc	rt @rarityversenft  premium #giveaway weve partnered exclusive project @casinoclubnft give away 20x wl spots  40 giveaw
62269cbf6667c8be97bee9dd	rt @iakimihyb  25 sol 200 giveawayprizes x5 5 solx10 wl winnersto enter 1 follow @iakimihyb @ufocompanynft
62269cbf6667c8be97bee9de	rt @banditdcl #nftgiveaway 10x @changganghq taiwan #1 wingsuit vest @daddychang2 courtesy @noskiiye 10 winnerslike amp re
62269cbf6667c8be97bee9df	rt @warriorsofankh introducing first warrior horus warriors early conquest begunwant wl spot rt and
62269cbf6667c8be97bee9e0	rt @nfttoppromoter 1  follow @nfttoppromoter2  rt  3  drop #eth address repliesim gonna dropping prize #nfts
62269cbf6667c8be97bee9e1	rt @powerpixelnfts #nftgiveaway  journey follow me rt amp   tag 3 friends4h#nft #nftcommunity #pfp #nftcollector #nftartist #n
62269cbf6667c8be97bee9e2	rt @metabotsp2e huge #giveaway announcementgiveaway contains#katvr treadmill seen ready player one#oculus #vr quest 2#ether
62269cbf6667c8be97bee9e3	rt @wavepunksnft  #giveaway prizes 4 sol  50 5x wlmust1 follow amp @metabrawlers2 like amp rt3 tag 3 friends 2
62269cbf6667c8be97bee9e4	rt @zaviernft 5x whitelist giveaway w @funkieznft rules1 follow amp @funkieznft  2 like amp rt3 tag 2 friendsgoing h
62269cc06667c8be97bee9e5	rt @sibeleth  x10 wl spots giveaway @joinmetavatars  you wanted it got it1 follow amp @joinmetavatars 2 rt3 tag 2 f
62269cc06667c8be97bee9e6	rt @cryptoronnin  #giveaway skulltoons kind enough give us 5 exclusive wl spots giveaway to enter like amp rt follow
62269cc06667c8be97bee9e7	rt @qklxszq giveawaykamitribe22 wl kamitribehow enterfollow @kamitribe amp @qklxszqrt amp tag 5 friends ev
62269cc06667c8be97bee9e8	rt @kingkognitonft free nft youtag 3 friends follow mertsend wax address#nftgiveaway #nfts #nftcommunity #nftcollectors #n
62269cc06667c8be97bee9e9	rt @ironapeclub iacs second mint ready launch#nft #nft #nfts #nftgiveaway #nftpremint #ape #ironape #apeclub #ironapeclub #bayc #mayc
62269cc06667c8be97bee9ea	rt @electroextant flash giveawayprizes1 sol 1must1follow @electroextant2rt  like3tag 3 friends 1 hr#solana#s
62269cc06667c8be97bee9eb	rt @9nitric #nftgiveawayme @royaloutkasts giving away100 og roles3 free nftsto enter1follow @royaloutkasts2like
62269cc06667c8be97bee9ec	rt @multigamingnft @multigamingnftwere giving away 145000zqb communityplease click link participate even
62269cc06667c8be97bee9ed	rt @monkeywarnft  #giveaway 5 sol  wl  nft project @monkeywarnft  monkey war #nft open eyes im
62269cc06667c8be97bee9ee	rt @cryptosmilez  sol giveaway price 1x random nft up 20000 1x 3 sol 300enterfollow @cryptosmilez rt
62269cc06667c8be97bee9ef	rt @yosef7k giving away 10 wl spots to enter  follow @dopevoyage rt  like post tag 3 #nft friends join httpstcoz2
62269cc06667c8be97bee9f0	rt @multigamingnft @multigamingnftwere giving away 145000zqb communityplease click link participate even
62269cc06667c8be97bee9f1	rt @baycblacklist free #nftgiveaway  enter follow @baycblacklist like amp rt amp tag 3 friends drop #eth address@opensea
62269cc06667c8be97bee9f2	rt @cosmoskidznft @cosmoskidznft x @hakinfthakinft partnered us #giveaway 5 whitelist spots to participate rt li
62269cc16667c8be97bee9f3	rt @mrsunnft  #nftgiveaway celebrate staking launch epic boombaz #nft #422how enter1 retweet amp 2 follow @boombaznft
62269cc16667c8be97bee9f4	rt @realmonkey30 free #nftgiveaway  enter follow @rondothegalago like amp rt  drop #eth address#nft #nfts #nftcommun
62269cc16667c8be97bee9f5	rt @b1uno first bid in theres still time get auction so #ckb4lyfe 1st bid#ckb #nftgiveaway #nftcommu
62269cc16667c8be97bee9f6	rt @sibeleth x5 @pathfindersnft wl giveaway you wanted it got 1 follow amp @pathfindersnft2 retweet3 tag 2 friends
62269cc16667c8be97bee9f7	rt @metabotsp2e huge #giveaway announcementgiveaway contains#katvr treadmill seen ready player one#oculus #vr quest 2#ether
62269cc16667c8be97bee9f8	rt @jaycenfts the oni kids wl giveaway10 whitelist spots win  50 5 solto enter 1 follow @onikids2 rt amp like3 t
62269cc16667c8be97bee9f9	rt @royalegalnfts #nftgiveaway  akira suzumeto enter1follow @royalegalnfts2rt  3tag 3 friends24h#royal
62269cc16667c8be97bee9fa	rt @redwoodrabbits join redwood rabbitswe giving away x20 wl spots tweet first 100 mints freeto enter
62269cc16667c8be97bee9fb	join #duckieland #nft #giveaway campaign mmeta httpstco4dfezrfzt9 #airdrop #p2e @05fco569@06fco569@0fco569
62269cc16667c8be97bee9fc	rt @9nitric #nftgiveawayme @bobblebossmafia giving away3 free nftsto enter1follow @bobblebossmafia2like amp rt3t
62269cc16667c8be97bee9fd	rt @badassapenc first live ape tv rt    follow @badassapenc win 1 banc nft  5wl#banc #apetv #badassgang #nft #nftcommu
62269cc16667c8be97bee9fe	rt @bouncenewsng  azuki nft giveawayfloor value 15eth  40000  like  rt  comment  follow  24 hours #nftgiveaway https
62269cc16667c8be97bee9ff	rt @metamazestudios megapark  sobswere giving away x2 sobs wl spotsto enter1 follow @megaparknft  @sobsofficial  @clonex7100
62269cc26667c8be97beea00	rt @re2pect88 2 @crazyskullz  1 free @nukesnft p2e coming soon skullcity already operational @nftworldsnft worth a
62269cc26667c8be97beea01	rt @doggobrick  doggobrick #nftgiveaway we giving away 1 doggobrick nft to joinfollow @doggobrick like amp rt post
62269cc26667c8be97beea02	rt @wavepunksnft  nfteth #giveaway prizes 1x nft worth 700 02 eth  50 20x wlmust1 follow @rarityversenft amp @ca
62269cc26667c8be97beea03	rt @lionunivers0  nft  giveaway  prizes5  sol 5 wlto enter  follow @blacksp0tnft amp @lionunivers0 rt   tag 3 frien
62269cc26667c8be97beea04	rt @warriorsofankh introducing first warrior horus warriors early conquest begunwant wl spot rt and
62269cc26667c8be97beea05	rt @richkoala1 11 starry night please leave eth address below team randomly giveaway wl spots comment rt
62269cc26667c8be97beea06	rt @bearzsyndicate  metabearz x braindom games  prizes  1 wl braindom games10 wl meta bearz rules #win  1 follow @bearzs
62269cc26667c8be97beea07	rt @forzanft  #giveaway  1 sol 1 rtamp   open2 tag #nft friends 1h#solana #nftgiveaway #nfts#airdrop #opensea #sol
62269cc26667c8be97beea08	rt @9nitric #nftgiveawayme @roborabbitsnft giving away200 wl spots50 og spotsto enter1follow @roborabbitsnft2li
62269cc26667c8be97beea09	 #giveaway weve partnered @kaijukongz give 10 kaiju kongz wl spots 3333 collection httpstco89juyonq6s
62269cc26667c8be97beea0a	rt @bamboofrens were getting ready enter pandaverse were celebratewere raffling 100 pl pandalist spots our
62269cc26667c8be97beea0b	rt @kingofoneself 48h #nftgiveaway proof300 50 #nftwhitelist spotsyou early  1 follow2 like  rt3 join dis
62269cc26667c8be97beea0c	rt @sherlonft  #nftgiveaway  1x dream #nftentry1 follow @sherlonft 2  amp rt  tag 3 friens24hrs #nfts #nftc
62269cc26667c8be97beea0d	rt @favewyd #giveawayi teamed @humanitybois give away 15 og wl spots guys to enterfollow @humanitybois
62269cc26667c8be97beea0e	rt @baycblacklist 11 rare ape free #nftgiveaway  enter follow @baycblacklist  like amp rt tag 3 friends amp drop #eth addre
62269cc36667c8be97beea0f	rt @24carrotbunny super fun giveaway the #nftcommunity amazing us win doodlesaurfollow @24carrotbunny retweet
62269cc36667c8be97beea10	rt @argolinhasnft cosmoskidznft #nftgiveaway @cosmoskidznft partnered us #giveaway 3 whitelist spots to participate
62269cc36667c8be97beea11	rt @anbronft  #nftgiveaway celebrate staking launch epic boombaz #nft #422how enter1 retweet amp 2 follow @boombaznft
62269cc36667c8be97beea12	rt @concretexcrypto  #giveaway  prize 1 #nft 1follow @cryptochickynft  @concretexcrypto2rt  3tag 4 friendsbonusturn 
62269cc36667c8be97beea13	rt @kevinsusanto  giveaway alert win 1x @shinsekaicorp limited exclusive #whitelistto enter1 follow @shinsekaicorp @kevinsusa
62269cc36667c8be97beea14	rt @r0nbarr0ncrypto im giving away 10 wls courtesy team @strokersgolf minting 25thgolf meets blockchainto enter
62269cc36667c8be97beea15	rt @solgiveaway  flash giveaway  10 sol 1 lucky winner rules1follow @solgiveaway 2rt amp tag 33rt amp like o
62269cc36667c8be97beea16	rt @cryptogeckonft  #giveaway  1x crypto geckos nft 25x wl spots rt amp follow @cryptogeckonft  join discord httpstcoli
62269cc36667c8be97beea17	rt @solacetoken working build legendary discord server solace holders details shared here than
62269cc36667c8be97beea18	rt @denisesilva @chosenonesnft lets go guys continue great project  @mutombo861 @rannyrunt @judines10 good luck 
62269cc36667c8be97beea19	#giveaway prize 1x #nft 50  solrules1 follow @jorgymonk amp @tikituka2 rt amp like3 tag friend httpstcoxdpsirxan5
62269cc36667c8be97beea1a	rt @hollow18 special edition #nftgiveaway win #irish fighter #luckyleprechaunsclubentry 1follow @leprechaunluck  2like amp
62269cc36667c8be97beea1b	rt @meditnft giving away 10 wl spots to enter  follow @dopevoyage rt  like post tag 3 #nft friends join httpstcog
62269cc36667c8be97beea1c	rt @kriptobabe congratulations winner @danielcutletplease dm   200000 shib   dont forget complete tasks turn
62269cc46667c8be97beea1d	rt @frtuff #nftgiveaway weve partnered @mutantgoatsnft to give away 5 whitelist spotsto enter follow @mutantgoatsnft  rt
62269cc46667c8be97beea1e	rt @atnftart  #giveaway izzy  nft promoter prizes5 sol 50to enter1follow @izzypromoternft amp @atnftart2rt like3t
62269cc46667c8be97beea1f	rt @nftnuri #giveaway prizes 2x #nft  170 510 wl rules 1 rt amp2 follow amp @boldbisons3 tag 3 friendsdiscor
62269cc46667c8be97beea20	rt @uxgcrypto dragon doodles  giveaway 1x 01 1010x dragon doodles og to enter1 like amp rt 2 follow @uxgcrypto amp @drago
62269cc46667c8be97beea21	rt @bouncenewsng  azuki nft giveawayfloor value 15eth  40000  like  rt  comment  follow  24 hours #nftgiveaway https
62269cc46667c8be97beea22	rt @aliensapp  giveaway alerta mix skull cherry blossoms @b2dclub nft shows spirit animal get chance take ho
62269cc46667c8be97beea23	rt @whaleswhitelist giveaway alert chance win 05 solto enter following join discord link bio successfully
62269cc46667c8be97beea24	rt @pandaanft drop #eth wallet  ask why  rt like follow #nft #nfts #nftgiveaway httpstco0hpbdqwexo
62269cc46667c8be97beea25	rt @feminiverse  stars partnered friends @dfinitysheep  celebrate launch 8th march @entrepotapp 
62269cc46667c8be97beea26	rt @cryptoounity  #nftgiveaway 1x tsuki nft to enter1amprt  tag 3 friends2follow @cryptoounity3turn notifications  on
62269cc46667c8be97beea27	rt @womenof3d 2 sneak peaks one tweet looks need shades for coming through were giving away 10 whitelist spots awa
62269cc46667c8be97beea28	rt @0xherrcooles #giveaway 01 #solana5x free nft1like  rt       2follow notis 3drop #sol #eth address
62269cc46667c8be97beea29	rt @dailynftpromo  sol giveaway 1x  1 sol 1follow @dailynftpromo2join pinned giveaway24 hrs#nftgiveaway #airdro
62269cc46667c8be97beea2a	rt @turkishpromoter #ekili#giveaway1 kiiye 50  6751follow @alphawolvesnft2join dc httpstco7wazpnwnus3like rtweet
62269cc56667c8be97beea2b	rt @wavepunksnft  #giveaway prizes  2 x #nft 1 sol  150 10 wlmust 1 follow amp @boredogeclub2 like amp rt3 tag 3
62269cc56667c8be97beea2c	@solrobonfts project excellent executed professionally clear development plan good airdro httpstcodnpoklydhr
62269cc56667c8be97beea2d	rt @centernft  flash sol giveaway 1  sol  1 lucky winner1rt amp 2join pinned giveawayfriends f win d
62269cc56667c8be97beea2e	rt @turkishpromoter #ekili#giveaway1 kiiye 50  6751follow @alphawolvesnft2join dc httpstco7wazpnwnus3like rtweet
62269cc56667c8be97beea2f	rt @benjeenft #giveaway10000 shinobi bunnies #nfts coming soon take #eth blockchain prizes 50 3x wl spotsr
62269cc56667c8be97beea30	rt @maryinsol  sol giveaway 1  sol  1 lucky winner1follow @maryinsol amp 2 like retweet3 tag friends 24 hou
62269cc56667c8be97beea31	rt @mysteriousbn  twitter giveawayprize 0005 eth 5 random peopleto participate1 follow @mystbunnynfts2 rt3 tag 3
62269cc56667c8be97beea32	rt @shebinat  100000 shib tokens #giveaway1follow @shebinat2retweet amp like post3tag 2 friends 200 winners  50 
62269cc56667c8be97beea33	rt @shinigamizen know love this chance win og spot50 og spots1 follow us @shinigamizen2 like retwe
62269cc56667c8be97beea34	rt @doodlesrabbits follow @doodlesrabbits mint day april 23 selected win 10000 comment increase y
62269cc56667c8be97beea35	rt @dailyavax 2 #avax #giveawayfollow @dailyavax rt amp tag 3 friendswinners announced 72 hours later good luck#
62269cc56667c8be97beea36	rt @doodlesrabbits follow @doodlesrabbits mint day april 23 selected win 10000 comment increase y
62269cc56667c8be97beea37	rt @wavepunksnft  #giveaway prize  1 x #nft 5 sol  70 20 x wlmust 1 follow amp @perkypiglets2 like amp rt3 tag
62269cc56667c8be97beea38	rt @tikituka  #giveaway prize  1 x ape mafia club #nftmust 1 follow amp @apemafiaclub2 like amp rt3 tag 3 friends ht
62269cc56667c8be97beea39	rt @supersol  giveaway 2x 05 sol 50to enter1follow @solnftaddict amp @supersol2retweet amp like3tag 3 friendsen
62269cc66667c8be97beea3a	rt @mutantapessc  12 sol 1200 giveaway 6 winners 2 sol each ends 72hto enter1 follow @mutantapessc2 like amp rtstealth
62269cc66667c8be97beea3b	rt @boujeeleopards  nft #giveaway presale sold out amp 5x floor pricealready public sale   9th march 2pm estprize 1 x #nft
62269cc66667c8be97beea3c	rt @centernft  sol giveaway 2  sol  1 lucky winner1follow @centernft amp 2join pinned giveaway24 hrs#nftgive
62269cc66667c8be97beea3d	rt @xposed @colbycovmma wins tonight ill giving 10 people retweet following @xposed 250 #mma #ufc #ufc272
62269cc66667c8be97beea3e	rt @dailyavax 2 #avax #giveawayfollow @dailyavax rt amp tag 3 friendswinners announced 72 hours later good luck#
62269cc66667c8be97beea3f	rt @wavepunksnft  #giveaway prizes  2 x #nft 1 sol  150 10 wlmust 1 follow amp @boredogeclub2 like amp rt3 tag 3
62269cc66667c8be97beea40	rt @doodlesrabbits follow @doodlesrabbits mint day april 23 selected win 10000 comment increase y
62269cc66667c8be97beea41	rt @centernft  sol giveaway 2  sol  1 lucky winner1follow @centernft amp 2join pinned giveaway24 hrs#nftgive
62269cc66667c8be97beea42	rt @cryptojasd #giveaway 7x  tubbycats #nft tottaly worth 28 #ethereum to join win follow @cryptojasd drop #eth wa
62269cc66667c8be97beea43	rt @wavepunksnft  #giveaway prizes  02 eth  50 15x wlmust 1 follow amp @ikigaiofficial2 like amp rt3 tag 3 frien
62269cc66667c8be97beea44	rt @crazylookclub 10 sol 1000 giveaway5 winners 2 sol each ends 96hto enter1follow @crazylookclub2like amp rt3tag
62269cc66667c8be97beea45	rt @cryptomaximal get strong dragon nft wl maxis1 nft  1 ticket strong node giveawaydo this follow @cryptomaximal fol
62269cc66667c8be97beea46	rt @kanepromotes  nft #giveaway moneykongs prizes x1 nft  005 eth 10x wlto enter1 follow @moneykongs2 like rt amp tag
62269cc76667c8be97beea47	rt @norugpls next #x1000gems token support favorite community @parmatoken@roganinu@stiltonmusk @realshibadoge
62269cc76667c8be97beea48	rt @xposed @colbycovmma wins tonight ill giving 10 people retweet following @xposed 250 #mma #ufc #ufc272
62269cc76667c8be97beea49	rt @6kenneth9 250 019 eth among first 100 retweetsretweetfollow likelets go #nft #nfts #nftgiveaway #eth #ethgiveaway
62269cc76667c8be97beea4a	rt @nftmines special whitelist giveaway ive partnered @shizukanft  giveaway 5 wl spotsto enter follow  @nftmines amp
62269cc76667c8be97beea4b	rt @cryptoyellows hey #giveaway first #nft community yes get marty mcfly freefollow retweet t
62269cc76667c8be97beea4c	rt @mikeynfts sol giveawayprizes1x 03 sol 30must1 follow @mikeynfts @latenci2 rtlike3 tag 3 friendswinne
62269cc76667c8be97beea4d	rt @rebelanimal #cutecalf #nft 1 2 rarest floating #free #soonaverseto #win 1 limited 100 #giveaw
62269cc76667c8be97beea4e	rt @picsoupromoter  #giveaway prize  1 x #nft 5 sol  70must 1 follow amp @armyaztec2 like amp rt3 tag 3 friends
62269cc76667c8be97beea4f	rt @kingofearthnft early free nft giveawayfree #nft giveawayfollow @ideamarketio rt pinned tweet join discord https
62269cc76667c8be97beea50	rt @benjeenft #giveaway10000 shinobi bunnies #nfts coming soon take #eth blockchain prizes 50 3x wl spotsr
62269cc76667c8be97beea51	rt @nftmines special whitelist giveaway ive partnered @shizukanft  giveaway 5 wl spotsto enter follow  @nftmines amp
62269cc76667c8be97beea52	rt @nftmines special whitelist giveaway ive partnered @louznft  giveaway 5 wl spotsto enter follow  @nftmines amp @lo
62269cc76667c8be97beea53	rt @revheard2  giveaway   this amazing #nft lucky winner follow @xrpstik xstik trustline like amp retweettag 5
62269cc76667c8be97beea54	rt @404jurassic todayremember #giveaway 1 #eth 30001follow us @404jurassic  2like  rt pinned tweet3tag 3 frien
62269cc86667c8be97beea55	advise everyone slow join project im sure project successful #sorex httpstcoa5k6fwb3gq
62269cc86667c8be97beea56	rt @cryptookingg 2 #avax #giveawayfollow uslike rt tag 3 friends#avalanche #crypto #cryptocurrencies #nfts  #nft #giveaway
62269cc86667c8be97beea57	rt @forzanft  #giveaway prizes 1x 50   3x shinobi bunny #wl rules1 join httpstcoyjtsdcngog2 rt amp  3 fol
62269cc86667c8be97beea58	rt @dailyavax 2 #avax #giveawayfollow @dailyavax rt amp tag 3 friendswinners announced 72 hours later good luck#
62269cc86667c8be97beea59	rt @gatesofeth gates ethernity #airdropwe happy announce 20000 usd worth goe tokens distributed among ou
62269cc86667c8be97beea5a	rt @mutantapessc  12 sol 1400 giveaway 6 winners 2 sol each ends 72hto enter1 follow @mutantapessc2 like amp rt3 tag 2
62269cc86667c8be97beea5b	rt @kanepromotes  nft #giveaway moneykongs prizes x1 nft  005 eth 10x wlto enter1 follow @moneykongs2 like rt amp tag
62269cc86667c8be97beea5c	rt @forzanft  #nftgiveaway prizes 1x nft worth 800  5xwl 1 follow @midgardheritage  @forzanft2 rt  3 tag 2 #nf
62269cc86667c8be97beea5d	rt @uminez2 decided order build account back picking top 5 engaging accounts aut
62269cc86667c8be97beea5e	cop join fox army100 holders #giveaway 6 sales awaydonations charity mileston httpstcoyrfylovxdr
62269cc86667c8be97beea5f	rt @nftmines special whitelist giveaway ive partnered @shizukanft  giveaway 5 wl spotsto enter follow  @nftmines amp
62269cc86667c8be97beea60	rt @tikituka #giveaway prize 100  #eth 3x wlrules1 follow @shinobibunnynft amp @tikituka2 rt amp like3 tag friends
62269cc86667c8be97beea61	rt @violetemojinft #nftgiveaway 1x lil frens #nft 03 sol  40rules 1 follow  @xlilfrensx 2 amp rt3 tag frien
62269cc86667c8be97beea62	rt @kanepromotes  nft #giveaway moneykongs prizes x1 nft  005 eth 10x wlto enter1 follow @moneykongs2 like rt amp tag
62269cc96667c8be97beea63	rt @xposed @colbycovmma wins tonight ill giving 10 people retweet following @xposed 250 #mma #ufc #ufc272
62269cc96667c8be97beea64	rt @benjeenft #giveaway10000 shinobi bunnies #nfts coming soon take #eth blockchain prizes 50 3x wl spotsr
62269cc96667c8be97beea65	rt @mikeynfts sol giveawayprizes1x 03 sol 30must1 follow @mikeynfts @latenci2 rtlike3 tag 3 friendswinne
62269cc96667c8be97beea66	rt @cryptonftcoin #freenft #giveaway #starwars #bobafett #mandalorian #cadbane #rt  #follow  #nftdrop #eth wallet httpstco
62269cc96667c8be97beea67	rt @dailynftpromo  sol giveaway 1x  1 sol 1follow @dailynftpromo2join pinned giveaway24 hrs#nftgiveaway #airdro
62269cc96667c8be97beea68	rt @turkishpromoter 50  650 #giveaway1follow @bidwtf2like amp rtweet3rt  like their48 hrsnew #nftauction platformanybody
62269cc96667c8be97beea69	rt @nftgifterdaily  massive #giveaway if hit 500 followers 4 hrs 10000 given divided 40 people do no
62269cc96667c8be97beea6a	rt @nftlemon #nftgiveaway x1 dreadfulz #nft   x5 wl spots rules 1 follow amp @dreadfulznft2 amp rt3tag 2 fr
62269cc96667c8be97beea6b	rt @nftmines special whitelist giveaway ive partnered @louznft  giveaway 5 wl spotsto enter follow  @nftmines amp @lo
62269cc96667c8be97beea6c	rt @maryinsol  sol giveaway 1  sol  1 lucky winner1follow @maryinsol amp 2 like retweet3 tag friends 4 hour
62269cc96667c8be97beea6d	rt @forzanft  #giveaway  05 sol 1 rtamp 2  open notifications  30 minutes#solana #nftgiveaway #nfts#nft #solanagiv
62269cc96667c8be97beea6e	rt @nftlemon #nftgiveaway x1 dreadfulz #nft   x5 wl spots rules 1 follow amp @dreadfulznft2 amp rt3tag 2 fr
62269cc96667c8be97beea6f	rt @wavepunksnft  #giveaway prize  1 x #nft 5 sol  70 20 x wlmust 1 follow amp @perkypiglets2 like amp rt3 tag
62269cc96667c8be97beea70	rt @cryptopikachu1 nft #giveaway celebrate staking launchepic boombaz #nft #422how enter1interact tweet 
62269cca6667c8be97beea71	rt @wavepunksnft  #giveaway prizes  02 eth  50 15x wlmust 1 follow amp @ikigaiofficial2 like amp rt3 tag 3 frien
62269cca6667c8be97beea72	rt @promojordans  #nftgiveaway  win 1x mutant doodle #nft to enter1rt amp 2follow amp @wemutantdoodle3tag friends
62269cca6667c8be97beea73	rt @tigerpro101 ready announce winner small giveaway announce new giveaway happen ready
62269cca6667c8be97beea74	rt @dailyavax 2 #avax #giveawayfollow @dailyavax rt amp tag 3 friendswinners announced 72 hours later good luck#
62269cca6667c8be97beea75	rt @mikeynfts sol giveawayprizes1x 03 sol 30must1 follow @mikeynfts @latenci2 rtlike3 tag 3 friendswinne
62269cca6667c8be97beea76	rt @cryptom216 huge giveaway 1000 x 3 person follow  like  amp retweet  tag 3 friend#ad #nft #crypto #giveaway #nftcommumit
62269cca6667c8be97beea77	rt @projecteuropa  orbiterswe would like cohost giveaway new friends @strongspartanft    1 gold spartan nft 
62269cca6667c8be97beea78	rt @tikituka #giveaway prize 100  #eth 3x wlrules1 follow @shinobibunnynft amp @tikituka2 rt amp like3 tag friends
62269cca6667c8be97beea79	rt @dailyavax 3 #avax #avalanche #giveaway follow usrt amp tag 3 friends24 hours good luck#cryptocurrency #crypto #btc #
62269cca6667c8be97beea7a	rt @cryptonftcoin #nftgiveawayparty x #peacemakerparty 1 winner drop #eth enter rt follow want#nftgiveway #giveaway #
62269cca6667c8be97beea7b	rt @cyberapez #giveaway  x1 #nft  x5 wl spots rules1 follow @cyberapez amp @dreadfulznft2  amp rt3 tag friends48
62269cca6667c8be97beea7c	rt @nftmines special whitelist giveaway ive partnered @louznft  giveaway 5 wl spotsto enter follow  @nftmines amp @lo
62269cca6667c8be97beea7d	rt @forzanft  #giveaway  1 sol 1 rtamp 2  open notifications  1h#solana #nftgiveaway #nfts#nft #solanagiveaways #a
62269ccb6667c8be97beea7e	rt @abandons75  #nftgiveaway celebrate staking launch epic boombaz #nft #422how enter1 retweet amp 2 follow @boombaznft
62269ccb6667c8be97beea7f	rt @nftpablos millionaire pablos  #nft giveawaywere giving away 1 nft  50 ganglist winners announced friday march 4to enter
62269ccb6667c8be97beea80	rt @wavepunksnft  #giveaway prizes  02 eth  50 15x wlmust 1 follow amp @ikigaiofficial2 like amp rt3 tag 3 frien
62269ccb6667c8be97beea81	zecusdt 5mpullback bullish trendline#binance #airdrop #airdrops #crypto httpstconbu7suvoe5
62269ccb6667c8be97beea82	rt @xposed @colbycovmma wins tonight ill giving 10 people retweet following @xposed 250 #mma #ufc #ufc272
62269ccb6667c8be97beea83	rt @nftmines special whitelist giveaway ive partnered @shizukanft  giveaway 5 wl spotsto enter follow  @nftmines amp
62269ccb6667c8be97beea84	rt @luizgustavojun1  100000 shib tokens #giveaway 1 follow me2 retweet amp like post 400 winners  250 shib each#btc
62269ccb6667c8be97beea85	rt @norugpls next #x1000gems token support favorite community @parmatoken@roganinu@stiltonmusk @realshibadoge
62269ccb6667c8be97beea86	rt @doodlesrabbits follow @doodlesrabbits mint day april 23 selected win 10000 comment increase y
62269ccb6667c8be97beea87	rt @forzanft  #giveaway  05 sol 1 rtamp 2 open notifications  30 minutes#solana #nftgiveaway #nfts#nft #airdrop #op
62269ccb6667c8be97beea88	rt @cryptonftcoin #kryptokittyz #nftgiveaway follow rt drop #eth address win #giveaway worth 003 eth 7840 via #freenft https
62269ccb6667c8be97beea89	rt @supersol  giveaway 2x 1 sol 100to enter1follow @12mentos12sol amp @supersol2retweet amp like3tag 3 friendsends
62269ccb6667c8be97beea8a	rt @dailyavax 2 #avax #giveawayfollow @dailyavax rt amp tag 3 friendswinners announced 72 hours later good luck#
62269ccb6667c8be97beea8b	rt @dailynftpromo  sol giveaway 1x  1 sol 1follow @dailynftpromo2join pinned giveaway24 hrs#nftgiveaway #airdro
62269ccc6667c8be97beea8c	#giveaway  x1 #nft  x5 wl spots rules1 follow @cyberapez amp @dreadfulznft2  amp rt3 tag friend httpstcokeq6saltt8
62269ccc6667c8be97beea8d	rt @tikituka #giveaway prize 100  #eth 3x wlrules1 follow @shinobibunnynft amp @tikituka2 rt amp like3 tag friends
62269ccc6667c8be97beea8e	rt @supersol  giveaway 2x 05 sol 50to enter1follow @solnftaddict amp @supersol2retweet amp like3tag 3 friendsen
62269ccc6667c8be97beea8f	rt @sidehustlegener #nft todays #nftgiveaway follow @nfseas must retweet liketag 3 comment join
62269ccc6667c8be97beea90	rt @officialcreegz giving 5 wl spots post guysjust follow like rt lfg#nft #nfts #eth #giveaway
62269ccc6667c8be97beea91	rt @grooz0 #giveaway a 400 giveaway members discord rt amp liketag friendsjoin discordjoin httpstcoxsj3iyhd12
62269ccc6667c8be97beea92	rt @tavernland tavernland  become whoever want be an owner staff traveler tell us want be
62269ccc6667c8be97beea93	rt @cryptogaarena  #giveaway prize  1 x perky piglets #nft  20 x wlmust 1 follow @perkypiglets2  amp rt3 tag frien
62269ccc6667c8be97beea94	rt @nftmines special whitelist giveaway ive partnered @shizukanft  giveaway 5 wl spotsto enter follow  @nftmines amp
62269ccc6667c8be97beea95	rt @dailyavax 3 #avax #avalanche #giveaway follow usrt amp tag 3 friends24 hours good luck#cryptocurrency #crypto #btc #
62269ccc6667c8be97beea96	rt @tigerpro101 tweet gets 30 retweets another giveaway insane 5 small ones 1 big one today#nft #nfts
62269ccc6667c8be97beea97	rt @supersol  giveaway 2x 1 sol 100to enter1follow @supersol2retweet amp like3tag 3 friendsends 24 hours gl
62269ccc6667c8be97beea98	rt @centernft  sol giveaway 2  sol  1 lucky winner1follow @centernft amp 2join pinned giveaway24 hrs#nftgive
62269ccc6667c8be97beea99	rt @revheard2  giveaway   this amazing #nft lucky winner follow @xrpstik xstik trustline like amp retweettag 5
62269ccd6667c8be97beea9a	rt @rachelgideon want nft giveaway 1follow amp @llonghornlounge 2tag friends dont follow me 3drop #eth
62269ccd6667c8be97beea9b	rt @tiddyguppy 10000 followers #giveaway 10 winners  1000 #tgup eachrt follow  drop #eth wallet belowbiggest #nftgiveaway @t
62269ccd6667c8be97beea9c	rt @concretexcrypto  #giveaway  prize 20 eth  5 wl spots1follow @zomnft  @concretexcrypto2rt  3tag 3 friends48 h
62269ccd6667c8be97beea9d	rt @boombaznft nft #giveaway celebrate staking launchepic boombaz #nft #422how enter1interact tweet 2fo
62269ccd6667c8be97beea9e	rt @youmakinmecrzy #giveaway #eth #nfts giving away 1eth one free @thebluntheads #nft 200 #whitelist spots lfg
62269ccd6667c8be97beea9f	rt @norugpls next #x1000gems token support favorite community @parmatoken@roganinu@stiltonmusk @realshibadoge
62269ccd6667c8be97beeaa0	@cyberclassicnft project excellent executed professionally clear development plan good ai httpstcobe5zs9pywo
62269ccd6667c8be97beeaa1	 nft eth #giveaway  followersprizes 1x  #nft  01  250 must1 follow @westkzz 2 like httpstcomukepjv1ea
62269ccd6667c8be97beeaa2	rt @xposed @colbycovmma wins tonight ill giving 10 people retweet following @xposed 250 #mma #ufc #ufc272
